regime,mean_growth,variance,expected_duration_q,is_low_growth
0,0.5062329582343454,0.4243501223879516,32.758592993841184,False
1,-0.44838611859669875,35.257497068699124,4.280855832856431,True
