regime,mean_growth,variance,expected_duration_q,is_low_growth
0,0.5062246997309232,0.4243568190682297,32.76319079102442,False
1,-0.446171452523663,35.25751224080353,4.281849320949344,True
