regime,mean_growth,variance,expected_duration_q,is_low_growth
0,0.5062345682647968,0.4243472026468158,32.76222245496973,False
1,-0.4474873206348783,35.2577853354893,4.281795311383557,True
