regime,mean_growth,variance,expected_duration_q,is_low_growth
0,0.5062363019781797,0.4243446237620687,32.76296036070966,False
1,-0.44694524203745484,35.257302335386605,4.281939474921686,True
