regime,mean_growth,variance,expected_duration_q,is_low_growth
0,0.5062356490356292,0.4243460807783185,32.76315448196727,False
1,-0.44784215341126166,35.257810101363766,4.281963184303666,True
