,gfc,pandemic,normal
P31_S14_S15,-0.2479630076928485,0.2099777943817046,0.3820971178623625
P3_S13,-0.06733877534524291,0.0843234411087584,0.08824761804788088
P51G,-0.39346847170313737,0.224079228446367,0.19206952500304908
P61,0.1376977064976583,0.35995383511571427,0.243482683020215
P62,0.08482515569902502,0.21812054803852277,0.17280506706497156
P71,0.14760980490785353,-0.7183685640950983,-0.42400669649183764
P72,3.915118059768096e-05,-0.05401300181699026,-0.07697283202792052
GDP growth,-0.33859843645609433,0.32407328117897904,0.5777224824787209
