,gfc,pandemic,normal
P31_S14_S15,-0.2424517623919992,0.24253390487147802,0.36358849228265777
P3_S13,-0.06341082167407784,0.11464192200835296,0.08953557706134109
P51G,-0.3615708740951675,0.24963732635690394,0.18076409636768237
P61,0.12354771370129818,0.17811687568243498,0.2031052831985643
P62,0.08371644801753647,-0.02461112054562764,0.1702356936048141
P71,0.12203649931495973,-0.4254157542808758,-0.35100988105573705
P72,-0.00046563932864418636,-0.010829872913687033,-0.07224982794678883
GDP growth,-0.33859843645609433,0.32407328117897904,0.5839694335125337
