component,wald_stat,df,pvalue
P31_S14_S15,4.543948254995161,2,0.10310842984820474
P3_S13,1.9131490462293685,2,0.3842067256846454
P51G,4.486826636929383,2,0.10609574705586604
P61,2.539643047590599,2,0.28088174801343163
P62,22.212380224876455,2,1.5019065772889806e-05
P71,2.515363010072786,2,0.2843124399007567
P72,14.004949858085308,2,0.0009096279128552951
GDP (system sum),6.914493674267007,2,0.03151641249876847
