component,wald_stat,df,pvalue
P31_S14_S15,4.284323606956904,2,0.1174007710986098
P3_S13,1.731148777978716,2,0.4208097746954784
P51G,3.3660893613583567,2,0.18580738977028607
P61,2.741027681582913,2,0.2539764225720739
P62,41.448533503159794,2,9.989995861144833e-10
P71,3.415367070999401,2,0.18128524744357918
P72,21.199144852893077,2,2.4926665436208585e-05
GDP (system sum),6.920920801416312,2,0.0314152950642308
