null_rank_r,trace_stat,crit_90pct,crit_95pct,crit_99pct,reject_at_5pct
0,171.97892074110047,133.7852,139.278,150.0778,True
1,110.8401898470561,102.4674,107.3429,116.9829,True
2,75.83774381785648,75.1027,79.3422,87.7748,False
3,49.866036233277484,51.6492,55.2459,62.5202,False
4,29.825592950539438,32.0645,35.0116,41.0815,False
5,14.77155015943566,16.1619,18.3985,23.1485,False
6,5.2989220018937955,2.7055,3.8415,6.6349,True
